Variant ID,Barcode
34812457386117,SHT
34812457451653,9780609610510
34812457484421,9789810959340
34812457582725,9781569757147
34812457615493,9781452180731
34812457648261,9781788402149
34812457713797,9781400041046
34812457746565,9780848746766
34812457779333,9780470164990
34812457812101,9780764166938
34812457877637,9780847837939
34812457910405,9781524761943
34812457943173,9783740800208
34812457975941,9783740804954
34812458008709,9781907434471
34812458041477,9780778800545
34812458074245,9781787132559
34812458139781,9780778802914
34812458172549,185804166X
34812458205317,1858041910
34812458238085,178 ORE
34812458270853,9781615193158
34812458303621,9781416245612
34812458336389,9780778804161
34812458369157,2733901079
34812458434693,9780375502675
34812458467461,9780399578540
34812458500229,9788494632327
34812458532997,9780711237520
34812458565765,9781784881863
34812458598533,9781909487130
34812458631301,9780141029528
34812458664069,9781628602784
34812458696837,9780812983067
34812458762373,9782723461436
34812458795141,9780307718266
34812458827909,9781250303882
34812458893445,9781454933557
34812458926213,9781909487451
34812458958981,9781909248632
34812458991749,9780778804147
34812459024517,9781416206316
34812459057285,9781416205227
34812459122821,9781416208822
34812459155589,9781416205586
34812459221125,9781416206620
34812459253893,9781416205104
34812459286661,9781569069783
34812459319429,9781416206361
34812459384965,9780761137870
34812459417733,9781250787576
34812459450501,9781742705637
34812459483269,9780061288500
34812459516037,9780061288517
34812459581573,978190820219
34812459614341,907325610
34812459647109,333741315
34812459679877,9781784720957
34812459712645,9780307958235
34812459745413,907325718
34812459810949,9780811873291
34812459843717,087701566X
34812459876485,9781885203328
34812459909253,9780544520585
34812459942021,907325548
34812460007557,9781579653774
34812460040325,9781925418729
34812460073093,9781418011697
34812460105861,9781646118632
34812460138629,9781607748953
34812460171397,9780374538538
34812460204165,9781909342484
34812460236933,781808073
34812460269701,9781439193304
34812460335237,1561483524
34812460400773,9781607745310
34812460433541,9780970445742
34812460466309,1845972066
34812460499077,9780385345552
34812460531845,9782733502884
34812460564613,9781941868003
34812460630149,9782370850126
34812460662917,9781780232768
34812460695685,9781469617602
34812460761221,671726080
34812460793989,767906063
34812460826757,394501675
34812460859525,9780061995361
34812460892293,ALIME 7
34812460957829,9780451499523
34812460990597,9780804187756
34812461023365,9780393065268
34812461056133,9780811867818
34812461088901,9781643134529
34812461121669,9781419734458
34812461187205,GARMEY
34812461219973,9780395915370
34812461252741,9781250117588
34812461285509,9782715224049
34812461318277,9780062747433
34812461383813,9780399581366
34812461416581,9780865473911
34812461449349,9788412131413
34812461482117,9781607748748
34812461514885,9788895218465
34812461547653,9781743795439
34812461580421,9781524732516
34812461645957,9781452155869
34812461711493,9781631591099
34812461744261,9780224101547
34812461777029,9781328931733
34812461842565,AMBRO 3
34812461875333,AMBRO 4
34812461908101,9780714873961
34812461940869,9780553447217
34812461973637,9780821410776
34812462006405,9780292711594
34812462039173,9780262026529
34812462104709,9780884483083
34812462137477,9781416206095
34812462170245,9781451623369
34812462203013,9781940352510
34812462235781,9781934170748
34812462268549,9781557286680
34812462301317,9780847863075
34812462334085,764524496
34812462399621,9781623365431
34812462432389,9780062934895
34812462465157,9781623365455
34812462497925,9781631494628
34812462563461,1931498776
34812462596229,9780061963292
34812462628997,870235338
34812462661765,9781580084222
34812462694533,9780520256668
34812462760069,9781454919407
34812462825605,877955131
34812462858373,9781596916487
34812462891141,9780520273214
34812462956677,9781510758186
34812462989445,9781617690761
34812463054981,9780470170755
34812463087749,9780762458356
34812463120517,9788472121669
34812463153285,9780393356441
34812463186053,9780525575023
34812463218821,9781784882266
34812463284357,9781849499941
34812463317125,9780312606619
34812463349893,9781615194605
34812463382661,9788472121690
34812463448197,9780060852566
34812463480965,9780091825584
34812463513733,9780593135044
34812463546501,9780062395030
34812463579269,9781506706696
34812463612037,415921937
34812463710341,811806979
34812463743109,688101240
34812463775877,9782723466950
34812463841413,9781787131262
34812463874181,APICIUS 25
34812463906949,APICIUS 29
34812463939717,APICIUS 30
34812463972485,APICIUS 32
34812464038021,APICIUS 34
34812464070789,9781903018132
34812464103557,9780062995247
34812464136325,9781682681008
34812464169093,1841152889
34812464234629,074860278X
34812464267397,9780955005831
34812464300165,9780955005824
34812464332933,9780955005817
34812464365701,9781849757171
34812464398469,9780393540703
34812464431237,9781682680193
34812464464005,9780811874595
34812464496773,9781250039064
34812464529541,9781682680940
34812464562309,9780544657496
34812464627845,AOSN
34812464660613,9781941252277
34812464693381,9780307264985
34812464955525,199240086
34812465217669,9781903018620
34812465283205,521568927
34812465315973,9783956791390
34812465348741,9780781813334
34812465381509,9781743362945
34812465414277,9781760527617
34812465447045,946525382
34812465479813,747502633
34812465512581,9781411698659
34812465545349,9780060888183
34812465578117,9780618875535
34812465610885,9781607747529
34812465676421,226233472
34812465709189,9781909487611
34812465741957,9781594748950
34812465774725,8472121143
34812465807493,9780300196238
34812465840261,ART CU 14
34812465905797,ART CU 57
34812465938565,ART CU 59
34812465971333,ART CU 61
34812466036869,ART CU 62
34812466069637,ART CU 64
34812466102405,ART CU 66
34812466135173,ART CU 67
34812466167941,ART CU 72
34812466233477,ART CU 85
34812466266245,ART CU 86
34812466299013,ART CU 87
34812466331781,ART CU 89
34812466364549,ART CU 90
34812466397317,ART CU 91
34812466430085,ART CU 92
34812466495621,ART CU 93
34812466528389,ART CU 103
34812466593925,ART CU 106
34812466626693,ART CU 107
34812466692229,ART CU 108
34812466724997,ART CU 110
34812466757765,ART CU 111
34812466823301,ART CU 120
34812466856069,ART CU 121
34812466888837,ART CU 123
34812466954373,ART CU 124
34812466987141,ART CU 126
34812467052677,ART CU 129
34812467085445,ART CU 134
34812467118213,ART CU 135
34812467183749,ART CU 136
34812467216517,9781118029572
34812467413125,9781429010542
34812467445893,804830894
34812467478661,9780851154305
34812467511429,1903018374
34812467544197,9781557094629
34812467609733,9780520232716
34812467642501,9781907892356
34812467675269,679430563
34812467708037,9780857834768
34812467773573,9780062802378
34812467806341,9781594634307
34812467839109,9780307959355
34812467871877,9781944853495
34812467904645,781808995
34812467937413,9781607740148
