ISBN,QTY
9781984860002,1
9781607749202,1
9791281296176,5
9781399959971,3
9780593418574,3
9789932012176,4
9780770434328,1
9781984824257,1
9788408300984,2
979898689700,1
9782957261116,2
9782017252917,3
9780593139776,1
9781608194506,1
9780143110897,1
9788797098837,1
9781599621616,2
9788412842111,1
9791192855011,1
9789871234301,2
9780358353997,1
9782957261154,2
9789401433426,2
9791281296268,4
9781682688106,1
9780544790308,1
9781419765810,3
9781643363400,1
9781838662769,1
9781787134652,1
9780358352556,2
9781783527991,1
9781629639925,1
9781469647548,1
9780600638940,1
9781784388836,1
9780742546462,1
9780345445940,1
9781738479528,1
9781623718053,1
9781623716660,1
9781904920113,1
9781607746102,1
9781784727246,1
9780451495372,1
9781984858474,1
9789811897153,2
9781733057127,1
9780593582084,1
9780393089035,1
9781607747321,1
9781738479504,1
9781335005472,1
9780735223301,1
9781984863188,2
9781984861948,1
9781281296114,1
9781529103212,1
9798218494527,3
9781739161750,1
9781739161736,1
9780399580314,1
9780375504297,1
9798986997629,5
9780062225887,1
9780062973269,1
9780593581872,1
9798313296005,3
9781476753836,1
9780593801789,1
9791281296152,1
9780316394512,3
9780375760396,1
9780593232514,1
9780465093427,1
9780231159111,1
9780231180771,1
9781250336026,2
9780385342612,1
9788472121959,1
9781743798751,1
9781250391179,1
9781036905354,1
9780992833107,1
9780992833169,1
9781595911230,1
9781668037980,1
9781250807120,1
9789814845366,1
9781837831340,1
9781572842687,9
9781797227849,2
9781761450907,1
9780062958426,1
9781577154679,1
9780807842553,1
9780307269720,1
9781984863201,1
9780156262248,1
9781838668600,1
9781408890677,1
9780593534328,2
9788412131437,1
9781579654078,1
9781579653460,1
9780500481158,1
9781648290169,1
9781682570968,1
9781780233529,1
9780688134150,1
9781419750380,1
9781615198344,1
9780645977011,2
9788409619689,1
9780063046429,2
9780008413668,1
9780802164834,1
9781909248786,1
9780295986821,1
9780805093308,1
9781782277934,2
9780231202565,1
9780879238087,2
9781616892494,1
9780393076394,1
9780714873909,1
9780306832161,2
9781984857002,1
9781984826985,1
9781797219530,1
9780063040236,1
9781419758393,2
9781524894764,1
9788831403184,1
9781843681700,1
9781682689189,1
9780060931636,2
9781250358158,1
9780525654650,1
9780316580915,7
9798886741872,5
9781999225032,1
9783964360014,1
9786077896715,1
9780393541212,1
9789815105407,1
9781419747526,1
9781250241399,1
9780593835951,1
9782036066755,1
9781645674221,1
9780063079540,1
9788409557776,1
9781451627367,1
9780593802090,1
9781849738804,1
9781962098076,1
9780470928653,1
9781668026298,1
9781904943716,1
9781911621195,1
9781648290374,2
9780735384620,1
9781579659561,1
9780316570770,1
9780593234297,1
9781736046968,1
9781984822789,1
9780062656094,1
9780368920486,1
9781792318306,1
9781523527069,1
9781607742678,1
9780358086765,1
9780593446683,1
9781648290565,1
9781782277910,1
9781579658472,1
9780008713386,1
9780393240054,1
9781579657185,1
9780316098519,1
9780142001615,1
9780140275018,1
9780393089042,1
9781250303882,1
9781984861443,1
9781787138513,1
9781250272430,1
9780306813313,1
9780262039659,1
9780865473355,1
9781419769955,1
9780393239867,1
9783791380193,1
9786316552150,1
9788898254538,1
9780061673269,1
9780593798935,1
9781984826961,1
9782017239697,1
9781984857767,1
9781958417133,1
9780307474414,1
9788472122062,1
9781399712897,1
9781743795538,1
9781743796634,1
